-- 各テーブルデータ削除
DELETE FROM m_prices WHERE 1=1;
DELETE FROM m_cycles WHERE 1=1;
DELETE FROM user_payments WHERE 1=1;
DELETE FROM change_requests WHERE 1=1;
DELETE FROM change_requests_previous WHERE 1=1;
DELETE FROM student_cards WHERE 1=1;
DELETE FROM students WHERE 1=1;
DELETE FROM payment_credits WHERE 1=1;
DELETE FROM payment_conveniences WHERE 1=1;
DELETE FROM payment_banks WHERE 1=1;
DELETE FROM uni_nums WHERE 1=1;
DELETE FROM payment_methods WHERE 1=1;
DELETE FROM managers WHERE 1=1;
DELETE FROM export_bln WHERE 1=1;
DELETE FROM leavers WHERE 1=1;
DELETE FROM users WHERE 1=1;
DELETE FROM m_banks WHERE 1=1;
DELETE FROM m_user_categories WHERE 1=1;
DELETE FROM m_regist_status WHERE 1=1;
DELETE FROM m_post_codes WHERE 1=1;
DELETE FROM m_payment_types WHERE 1=1;
DELETE FROM m_unit_prices WHERE 1=1;
DELETE FROM m_floors WHERE 1=1;
DELETE FROM m_facilities WHERE 1=1;
DELETE FROM m_car_models WHERE 1=1;

-- 車種マスタ
INSERT INTO m_car_models (car_model_id, car_model_name)
VALUES
  ('001', '自転車'),
  ('002', 'バイク'),
  ('003', 'キックボード');

-- 施設マスタ
INSERT INTO m_facilities (facility_id, facility_name)
VALUES
  ('001', '大泉学園駅北口ﾀｳﾝｻｲｸﾙ'),
  ('002', '練馬ﾀｳﾝｻｲｸﾙ'),
  ('003', '東武練馬ﾀｳﾝｻｲｸﾙ'),
  ('004', '上石神井ﾀｳﾝｻｲｸﾙ'),
  ('005', '石神井公園駅ﾀｳﾝｻｲｸﾙ'),
  ('006', '練馬春日町ﾀｳﾝｻｲｸﾙ'),
  ('007', '大泉学園駅南口ﾀｳﾝｻｲｸﾙ'),
  ('010', '氷川台駅第九自転車駐車場'),
  ('011', '地下鉄赤塚駅南自転車駐車場'),
  ('012', '石神井公園駅北自転車駐車場'),
  ('013', '石神井公園駅北第二自転車駐車場'),
  ('014', '平和台駅地下自転車駐車場'),
  ('015', '平和台駅第二自転車駐車場'),
  ('016', '南大泉自転車駐車場'),
  ('017', '大泉学園駅西第三自転車駐車場'),
  ('018', '氷川台駅第一自転車駐車場'),
  ('020', '上石神井駅北第二自転車駐車場'),
  ('024', '上石神井駅北第三自転車駐車場'),
  ('025', '早宮第二自転車駐車場'),
  ('026', '早宮第三自転車駐車場'),
  ('030', '平和台駅前地下自転車駐車場'),
  ('031', '上石神井立野橋自転車駐車場'),
  ('033', '小竹向原駅自転車駐車場'),
  ('035', '武蔵関駅北自転車駐車場'),
  ('036', '大泉学園駅北自転車駐車場'),
  ('037', '武蔵関駅西自転車駐車場'),
  ('038', '武蔵関駅南自転車駐車場'),
  ('039', '新桜台駅自転車駐輪場'),
  ('040', '大泉学園駅南バス通り自転車駐車場'),
  ('041', '上石神井自転車駐車場'),
  ('043', '石神井南自転車駐車場'),
  ('045', '練馬高野台駅南自転車駐車場'),
  ('046', '新江古田駅自転車駐車場'),
  ('047', '江古田駅自転車駐車場'),
  ('048', '上石神井駅南第二自転車駐車場'),
  ('050', '光が丘自転車駐車場'),
  ('051', '光が丘第二自転車駐車場'),
  ('052', '江古田駅第三自転車駐車場'),
  ('053', '大泉学園駅北口地下自転車駐車場'),
  ('054', '大泉学園駅南口地下自転車駐車場'),
  ('055', '氷川台駅第四自転車駐車場'),
  ('056', '練馬春日町駅自転車駐車場'),
  ('057', '大泉学園駅南第二自転車駐車場'),
  ('059', '武蔵関駅東自転車駐車場'),
  ('060', '豊島園駅西自転車駐車場'),
  ('061', '平和台駅第四自転車駐車場'),
  ('062', '大泉学園駅北第三自転車駐車場'),
  ('063', '光が丘第四自転車駐車場'),
  ('064', '早宮第四自転車駐車場'),
  ('065', '氷川台駅第六自転車駐車場'),
  ('066', '氷川台駅第七自転車駐車場'),
  ('067', '練馬駅北地下自転車駐車場'),
  ('068', '氷川台駅第八自転車駐車場'),
  ('069', '大泉学園駅北第4自転車駐車場'),
  ('070', '田柄自転車駐車場'),
  ('071', '桜台駅東自転車駐車場'),
  ('072', '桜台駅西自転車駐車場'),
  ('073', '練馬駅東自転車駐車場'),
  ('074', '練馬駅西自転車駐車場'),
  ('075', '中村橋駅東自転車駐車場'),
  ('076', '中村橋駅西自転車駐車場'),
  ('077', '富士見台駅東自転車駐車場'),
  ('078', '富士見台駅西自転車駐車場'),
  ('079', '北町二丁目自転車駐車場'),
  ('080', '石神井公園駅東自転車駐車場'),
  ('081', '石神井公園駅西自転車駐車場'),
  ('082', '平和台駅みどり自転車駐車場'),
  ('083', '石神井公園ボート池東'),
  ('102', '氷川台駅第二自転車駐車場'),
  ('103', '氷川台駅第三自転車駐車場'),
  ('104', '氷川台駅第五自転車駐車場'),
  ('105', '早宮自転車駐車場'),
  ('106', '新桜台駅自転車駐車場'),
  ('107', '光が丘駅第三自転車駐車場'),
  ('108', '江古田栄町自転車駐車場'),
  ('109', '江古田駅第二自転車駐車場'),
  ('110', '豊島園駅東自転車駐車場'),
  ('111', '大泉学園駅南第一自転車駐車場'),
  ('112', '学園通り自転車駐車場'),
  ('113', '東大泉第三自転車駐車場'),
  ('114', '中島橋自転車駐車場'),
  ('115', '大泉学園駅北第二自転車駐車場'),
  ('116', '大泉学園駅西第三自転車駐車場（時間利用）'),
  ('117', '東大泉自転車駐車場'),
  ('118', '上石神井駅北第一自転車駐車場'),
  ('119', '上石神井駅南自転車駐車場'),
  ('120', '上石神井駅南第三自転車駐車場'),
  ('121', '庚申橋自転車駐車場'),
  ('122', '武蔵関駅北二自転車駐車場'),
  ('123', '武蔵関駅南第二自転車駐車場'),
  ('124', '氷川台駅第一拡張(1回利用)自転車駐車場'),
  ('125', '氷川台駅第一拡張（時間利用）自転車駐車場'),
  ('126', '石神井南自転車駐車場（２）'),
  ('127', '大泉学園駅南第一自転車駐輪場（２）'),
  ('128', '石神井公園駅東拡張自転車駐車場'),
  ('129', '駐車場改修工事用代替置場'),
  ('130', '大泉学園駅西第三自転車駐輪場（２）'),
  ('131', '氷川台駅第十自転車駐輪場'),
  ('201', '豊島園駅前自転車駐車場'),
  ('202', '氷川台駅さくら自転車駐車場'),
  ('203', '練馬駅つつじ自転車駐車場'),
  ('204', '大泉学園駅さつき');

-- 階層マスタ
INSERT INTO m_floors (floor_id, floor_name)
VALUES
  ('001', 'TC'),
  ('002', '併用1階'),
  ('003', '併用2階'),
  ('004', '併用3階'),
  ('005', '平置き'),
  ('006', '平置きラック'),
  ('007', '1階'),
  ('008', '2階'),
  ('009', '3階'),
  ('010', '上段'),
  ('011', '下段'),
  ('012', '1階  上段'),
  ('013', '1階  下段'),
  ('014', '2階  上段'),
  ('015', '2階  下段'),
  ('016', '3階  上段'),
  ('017', '3階  下段'),
  ('018', 'B1  上段'),
  ('019', 'B1  下段'),
  ('020', 'B2  上段'),
  ('021', 'B2  下段'),
  ('022', '2階  平置きラック'),
  ('023', '3階  平置きラック'),
  ('024', 'B1  平置きラック'),
  ('025', '機械式'),
  ('026', '原付'),
  ('027', 'B1階'),
  ('028', 'B2階'),
  ('029', 'Aエリア'),
  ('030', 'Bエリア'),
  ('031', '場外（定期）'),
  ('061', '場外（時間）'),
  ('062', '場外（電磁）'),
  ('063', '１階  時間'),
  ('064', '２階  時間'),
  ('065', '３階  時間'),
  ('066', '原付  時間'),
  ('067', '自転車・原付'),
  ('068', '時間（短）'),
  ('069', '時間（長）'),
  ('070', '一回利用平置き自転車'),
  ('071', '一回利用平置きバイク');

-- 単価マスタ
INSERT INTO m_unit_prices (facility_id, floor_id, unit_price_id)
VALUES
  ('001', '001', '001'),
  ('002', '001', '001'),
  ('003', '001', '001'),
  ('004', '001', '001'),
  ('004', '002', '002'),
  ('004', '003', '003'),
  ('004', '004', '004'),
  ('005', '001', '001'),
  ('005', '002', '002'),
  ('005', '003', '003'),
  ('006', '001', '001'),
  ('007', '001', '001'),
  ('010', '007', '008'),
  ('010', '014', '032'),
  ('010', '015', '014'),
  ('010', '016', '038'),
  ('010', '017', '020'),
  ('011', '007', '006'),
  ('011', '008', '012'),
  ('011', '009', '019'),
  ('011', '026', '005'),
  ('012', '005', '009'),
  ('012', '026', '005'),
  ('013', '007', '010'),
  ('013', '013', '010'),
  ('013', '014', '034'),
  ('013', '015', '016'),
  ('013', '031', '043'),
  ('014', '027', '010'),
  ('014', '028', '008'),
  ('015', '005', '009'),
  ('016', '007', '008'),
  ('016', '008', '014'),
  ('016', '009', '021'),
  ('016', '026', '005'),
  ('017', '005', '009'),
  ('018', '005', '007'),
  ('020', '005', '009'),
  ('024', '005', '009'),
  ('024', '026', '005'),
  ('025', '005', '009'),
  ('025', '026', '005'),
  ('026', '005', '007'),
  ('030', '006', '008'),
  ('030', '010', '026'),
  ('030', '011', '008'),
  ('031', '005', '011'),
  ('031', '026', '005'),
  ('033', '005', '007'),
  ('035', '005', '009'),
  ('036', '005', '009'),
  ('037', '005', '009'),
  ('037', '026', '005'),
  ('038', '005', '007'),
  ('039', '005', '007'),
  ('039', '026', '005'),
  ('040', '005', '009'),
  ('040', '026', '005'),
  ('041', '002', '002'),
  ('041', '003', '003'),
  ('041', '004', '004'),
  ('041', '007', '008'),
  ('041', '008', '014'),
  ('041', '009', '021'),
  ('043', '002', '002'),
  ('043', '003', '003'),
  ('043', '007', '008'),
  ('043', '008', '014'),
  ('045', '005', '007'),
  ('045', '026', '005'),
  ('046', '005', '009'),
  ('047', '007', '008'),
  ('047', '008', '014'),
  ('047', '009', '020'),
  ('047', '012', '026'),
  ('047', '013', '008'),
  ('047', '018', '026'),
  ('047', '019', '008'),
  ('047', '026', '005'),
  ('048', '005', '007'),
  ('050', '007', '006'),
  ('050', '008', '012'),
  ('050', '009', '019'),
  ('051', '005', '007'),
  ('051', '026', '005'),
  ('052', '005', '007'),
  ('052', '026', '005'),
  ('053', '018', '030'),
  ('053', '019', '012'),
  ('053', '020', '036'),
  ('053', '021', '018'),
  ('054', '010', '026'),
  ('054', '011', '008'),
  ('055', '026', '005'),
  ('055', '029', '009'),
  ('055', '030', '022'),
  ('056', '005', '007'),
  ('057', '008', '012'),
  ('057', '009', '019'),
  ('057', '010', '024'),
  ('057', '011', '006'),
  ('057', '025', '006'),
  ('059', '005', '009'),
  ('060', '005', '007'),
  ('061', '005', '009'),
  ('062', '007', '008'),
  ('062', '008', '014'),
  ('062', '009', '020'),
  ('063', '010', '024'),
  ('063', '011', '006'),
  ('064', '005', '007'),
  ('065', '005', '009'),
  ('066', '005', '009'),
  ('067', '005', '008'),
  ('068', '005', '009'),
  ('069', '007', '008'),
  ('069', '014', '032'),
  ('069', '015', '014'),
  ('069', '016', '038'),
  ('069', '017', '020'),
  ('069', '018', '032'),
  ('069', '019', '014'),
  ('069', '022', '014'),
  ('069', '023', '020'),
  ('069', '024', '014'),
  ('070', '005', '009'),
  ('070', '026', '005'),
  ('071', '005', '009'),
  ('071', '026', '005'),
  ('072', '007', '006'),
  ('072', '008', '012'),
  ('073', '005', '006'),
  ('073', '026', '005'),
  ('074', '007', '006'),
  ('074', '008', '012'),
  ('074', '026', '005'),
  ('075', '005', '008'),
  ('075', '026', '005'),
  ('076', '005', '008'),
  ('076', '026', '005'),
  ('077', '005', '008'),
  ('077', '026', '005'),
  ('078', '005', '008'),
  ('078', '026', '005'),
  ('079', '005', '014'),
  ('079', '007', '008'),
  ('079', '008', '014'),
  ('080', '005', '042'),
  ('081', '005', '042'),
  ('082', '005', '009'),
  ('083', '006', '044'),
  ('123', '005', '007'),
  ('124', '005', '007'),
  ('125', '005', '007'),
  ('126', '005', '009'),
  ('126', '026', '005');

-- 支払方法マスタ
INSERT INTO m_payment_types (payment_type, type_name)
VALUES
  ('001', 'コンビニ'),
  ('002', 'クレジット'),
  ('003', '口座振替');

-- 郵便番号マスタ
INSERT INTO m_post_codes 
VALUES
  ('2030020','東京都','トウキョウト','練馬区','ネリマク','豊玉北1-10-1','');

-- 利用者登録状況マスタ
INSERT INTO m_regist_status (regist_status_id, status_name)
VALUES
  ('001', '未登録'),
  ('002', '初回登録済み'),
  ('003', '継続登録済み');

-- 利用者区分マスタ
INSERT INTO m_user_categories (user_category_id, category_name)
VALUES
  ('1', '一般'),
  ('2', '学生');
  

-- 銀行マスタ
INSERT INTO m_banks
VALUES
  ('みずほ銀行', 'みずほ', 'ミズホ', 'てすと', 'テスト', '0001', '001', '');

-- 利用者テーブル
INSERT INTO users (user_id, login_id, usid, login_pass, f_applicant_name, l_applicant_name, f_applicant_name_kana, l_applicant_name_kana, f_name, l_name, f_name_kana, l_name_kana, mail, age, post_code, adress1, adress2, adress3, tell_number, tell_number_phone, regist_status_id, limit_date, use_start_date)
VALUES
('00000001', 'hogehoge', '00000000000001', 'pass', '申請', '太郎', 'シンセイ', 'タロウ', '利用', '太郎', 'リヨウ', 'タロウ', 'ex@example.com', '25', '2030020', '東京都', '練馬区', '豊玉北1-10-1', '08012345678','08012345678', '003', '2023-10-03', '2023-11-03'),
('00000002', 'hogehoge', '00000000000002', 'pass', '申請', '太郎', 'シンセイ', 'タロウ', '利用', '太郎', 'リヨウ', 'タロウ', 'ex@example.com', '25', '2030020', '東京都', '練馬区', '豊玉北1-10-1', '08012345678','08012345678', '003', '2023-10-03', '2023-11-03'),
('00000003', 'hogehoge', '00000000000003', 'pass', '申請', '太郎', 'シンセイ', 'タロウ', '利用', '太郎', 'リヨウ', 'タロウ', 'ex@example.com', '25', '2030020', '東京都', '練馬区', '豊玉北1-10-1', '08012345678','08012345678', '003', '2023-10-03', '2023-11-03'),
('00000004', 'hogehoge', '00000000000004', 'pass', '申請', '太郎', 'シンセイ', 'タロウ', '利用', '太郎', 'リヨウ', 'タロウ', 'ex@example.com', '25', '2030020', '東京都', '練馬区', '豊玉北1-10-1', '08012345678','08012345678', '003', '2023-10-03', '2023-11-03'),
('00000005', 'hogehoge', '00000000000005', 'pass', '申請', '太郎', 'シンセイ', 'タロウ', '利用', '太郎', 'リヨウ', 'タロウ', 'ex@example.com', '25', '2030020', '東京都', '練馬区', '豊玉北1-10-1', '08012345678','08012345678', '003', '2023-10-03', '2023-11-03'),
('00000006', 'hogehoge', '00000000000006', 'pass', '申請', '太郎', 'シンセイ', 'タロウ', '利用', '太郎', 'リヨウ', 'タロウ', 'ex@example.com', '25', '2030020', '東京都', '練馬区', '豊玉北1-10-1', '08012345678','08012345678', '003', '2023-10-03', '2023-11-03'),
('00000007', 'hogehoge', '00000000000007', 'pass', '申請', '太郎', 'シンセイ', 'タロウ', '利用', '太郎', 'リヨウ', 'タロウ', 'ex@example.com', '25', '2030020', '東京都', '練馬区', '豊玉北1-10-1', '08012345678','08012345678', '003', '2023-10-03', '2023-11-03'),
('00000008', 'hogehoge', '00000000000008', 'pass', '申請', '太郎', 'シンセイ', 'タロウ', '利用', '太郎', 'リヨウ', 'タロウ', 'ex@example.com', '25', '2030020', '東京都', '練馬区', '豊玉北1-10-1', '08012345678','08012345678', '003', '2023-10-03', '2023-11-03'),
('00000009', 'hogehoge', '00000000000009', 'pass', '申請', '太郎', 'シンセイ', 'タロウ', '利用', '太郎', 'リヨウ', 'タロウ', 'ex@example.com', '25', '2030020', '東京都', '練馬区', '豊玉北1-10-1', '08012345678','08012345678', '003', '2023-10-03', '2023-11-03'),
('00000010', 'hogehoge', '00000000000010', 'pass', '申請', '太郎', 'シンセイ', 'タロウ', '利用', '太郎', 'リヨウ', 'タロウ', 'ex@example.com', '25', '2030020', '東京都', '練馬区', '豊玉北1-10-1', '08012345678','08012345678', '003', '2023-10-03', '2023-11-03'),
('00000011', 'hogehoge', '00000000000011', 'pass', '申請', '太郎', 'シンセイ', 'タロウ', '利用', '太郎', 'リヨウ', 'タロウ', 'ex@example.com', '25', '2030020', '東京都', '練馬区', '豊玉北1-10-1', '08012345678','08012345678', '003', '2023-10-03', '2023-11-03'),
('00000012', 'hogehoge', '00000000000012', 'pass', '申請', '太郎', 'シンセイ', 'タロウ', '利用', '太郎', 'リヨウ', 'タロウ', 'ex@example.com', '25', '2030020', '東京都', '練馬区', '豊玉北1-10-1', '08012345678','08012345678', '003', '2023-10-03', '2023-11-03'),
('00000013', 'hogehoge', '00000000000013', 'pass', '申請', '太郎', 'シンセイ', 'タロウ', '利用', '太郎', 'リヨウ', 'タロウ', 'ex@example.com', '25', '2030020', '東京都', '練馬区', '豊玉北1-10-1', '08012345678','08012345678', '003', '2023-10-03', '2023-11-03'),
('00000014', 'hogehoge', '00000000000014', 'pass', '申請', '太郎', 'シンセイ', 'タロウ', '利用', '太郎', 'リヨウ', 'タロウ', 'ex@example.com', '25', '2030020', '東京都', '練馬区', '豊玉北1-10-1', '08012345678','08012345678', '003', '2023-10-03', '2023-11-03'),
('00000015', 'hogehoge', '00000000000015', 'pass', '申請', '太郎', 'シンセイ', 'タロウ', '利用', '太郎', 'リヨウ', 'タロウ', 'ex@example.com', '25', '2030020', '東京都', '練馬区', '豊玉北1-10-1', '08012345678','08012345678', '003', '2023-10-03', '2023-11-03'),
('00000016', 'hogehoge', '00000000000016', 'pass', '申請', '太郎', 'シンセイ', 'タロウ', '利用', '太郎', 'リヨウ', 'タロウ', 'ex@example.com', '25', '2030020', '東京都', '練馬区', '豊玉北1-10-1', '08012345678','08012345678', '003', '2023-10-03', '2023-11-03'),
('00000017', 'hogehoge', '00000000000017', 'pass', '申請', '太郎', 'シンセイ', 'タロウ', '利用', '太郎', 'リヨウ', 'タロウ', 'ex@example.com', '25', '2030020', '東京都', '練馬区', '豊玉北1-10-1', '08012345678','08012345678', '003', '2023-10-03', '2023-11-03'),
('00000018', 'hogehoge', '00000000000018', 'pass', '申請', '太郎', 'シンセイ', 'タロウ', '利用', '太郎', 'リヨウ', 'タロウ', 'ex@example.com', '25', '2030020', '東京都', '練馬区', '豊玉北1-10-1', '08012345678','08012345678', '003', '2023-10-03', '2023-11-03'),
('00000019', 'hogehoge', '00000000000019', 'pass', '申請', '太郎', 'シンセイ', 'タロウ', '利用', '太郎', 'リヨウ', 'タロウ', 'ex@example.com', '25', '2030020', '東京都', '練馬区', '豊玉北1-10-1', '08012345678','08012345678', '003', '2023-10-03', '2023-11-03'),
('00000020', 'hogehoge', '00000000000020', 'pass', '申請', '太郎', 'シンセイ', 'タロウ', '利用', '太郎', 'リヨウ', 'タロウ', 'ex@example.com', '25', '2030020', '東京都', '練馬区', '豊玉北1-10-1', '08012345678','08012345678', '003', '2023-10-03', '2023-11-03'),
('00000021', 'hogehoge', '00000000000021', 'pass', '申請', '太郎', 'シンセイ', 'タロウ', '利用', '太郎', 'リヨウ', 'タロウ', 'ex@example.com', '25', '2030020', '東京都', '練馬区', '豊玉北1-10-1', '08012345678','08012345678', '003', '2023-10-03', '2023-11-03'),
('00000022', 'hogehoge', '00000000000022', 'pass', '申請', '太郎', 'シンセイ', 'タロウ', '利用', '太郎', 'リヨウ', 'タロウ', 'ex@example.com', '25', '2030020', '東京都', '練馬区', '豊玉北1-10-1', '08012345678','08012345678', '003', '2023-10-03', '2023-11-03'),
('00000023', 'hogehoge', '00000000000023', 'pass', '申請', '太郎', 'シンセイ', 'タロウ', '利用', '太郎', 'リヨウ', 'タロウ', 'ex@example.com', '25', '2030020', '東京都', '練馬区', '豊玉北1-10-1', '08012345678','08012345678', '003', '2023-10-03', '2023-11-03'),
('00000024', 'hogehoge', '00000000000024', 'pass', '申請', '太郎', 'シンセイ', 'タロウ', '利用', '太郎', 'リヨウ', 'タロウ', 'ex@example.com', '25', '2030020', '東京都', '練馬区', '豊玉北1-10-1', '08012345678','08012345678', '003', '2023-10-03', '2023-11-03'),
('00000025', 'hogehoge', '00000000000025', 'pass', '申請', '太郎', 'シンセイ', 'タロウ', '利用', '太郎', 'リヨウ', 'タロウ', 'ex@example.com', '25', '2030020', '東京都', '練馬区', '豊玉北1-10-1', '08012345678','08012345678', '003', '2023-10-03', '2023-11-03'),
('00000026', 'hogehoge', '00000000000026', 'pass', '申請', '太郎', 'シンセイ', 'タロウ', '利用', '太郎', 'リヨウ', 'タロウ', 'ex@example.com', '25', '2030020', '東京都', '練馬区', '豊玉北1-10-1', '08012345678','08012345678', '003', '2023-10-03', '2023-11-03'),
('00000027', 'hogehoge', '00000000000027', 'pass', '申請', '太郎', 'シンセイ', 'タロウ', '利用', '太郎', 'リヨウ', 'タロウ', 'ex@example.com', '25', '2030020', '東京都', '練馬区', '豊玉北1-10-1', '08012345678','08012345678', '003', '2023-10-03', '2023-11-03'),
('00000028', 'hogehoge', '00000000000028', 'pass', '申請', '太郎', 'シンセイ', 'タロウ', '利用', '太郎', 'リヨウ', 'タロウ', 'ex@example.com', '25', '2030020', '東京都', '練馬区', '豊玉北1-10-1', '08012345678','08012345678', '003', '2023-10-03', '2023-11-03'),
('00000029', 'hogehoge', '00000000000029', 'pass', '申請', '太郎', 'シンセイ', 'タロウ', '利用', '太郎', 'リヨウ', 'タロウ', 'ex@example.com', '25', '2030020', '東京都', '練馬区', '豊玉北1-10-1', '08012345678','08012345678', '003', '2023-10-03', '2023-11-03'),
('00000030', 'hogehoge', '00000000000030', 'pass', '申請', '太郎', 'シンセイ', 'タロウ', '利用', '太郎', 'リヨウ', 'タロウ', 'ex@example.com', '25', '2030020', '東京都', '練馬区', '豊玉北1-10-1', '08012345678','08012345678', '003', '2023-10-03', '2023-11-03'),
('00000031', 'hogehoge', '00000000000031', 'pass', '申請', '太郎', 'シンセイ', 'タロウ', '利用', '太郎', 'リヨウ', 'タロウ', 'ex@example.com', '25', '2030020', '東京都', '練馬区', '豊玉北1-10-1', '08012345678','08012345678', '003', '2023-10-03', '2023-11-03'),
('00000032', 'hogehoge', '00000000000032', 'pass', '申請', '太郎', 'シンセイ', 'タロウ', '利用', '太郎', 'リヨウ', 'タロウ', 'ex@example.com', '25', '2030020', '東京都', '練馬区', '豊玉北1-10-1', '08012345678','08012345678', '003', '2023-10-03', '2023-11-03'),
('00000033', 'hogehoge', '00000000000033', 'pass', '申請', '太郎', 'シンセイ', 'タロウ', '利用', '太郎', 'リヨウ', 'タロウ', 'ex@example.com', '25', '2030020', '東京都', '練馬区', '豊玉北1-10-1', '08012345678','08012345678', '003', '2023-10-03', '2023-11-03'),
('00000034', 'hogehoge', '00000000000034', 'pass', '申請', '太郎', 'シンセイ', 'タロウ', '利用', '太郎', 'リヨウ', 'タロウ', 'ex@example.com', '25', '2030020', '東京都', '練馬区', '豊玉北1-10-1', '08012345678','08012345678', '003', '2023-10-03', '2023-11-03'),
('00000035', 'hogehoge', '00000000000035', 'pass', '申請', '太郎', 'シンセイ', 'タロウ', '利用', '太郎', 'リヨウ', 'タロウ', 'ex@example.com', '25', '2030020', '東京都', '練馬区', '豊玉北1-10-1', '08012345678','08012345678', '003', '2023-10-03', '2023-11-03'),
('00000036', 'hogehoge', '00000000000036', 'pass', '申請', '太郎', 'シンセイ', 'タロウ', '利用', '太郎', 'リヨウ', 'タロウ', 'ex@example.com', '25', '2030020', '東京都', '練馬区', '豊玉北1-10-1', '08012345678','08012345678', '003', '2023-10-03', '2023-11-03'),
('00000037', 'hogehoge', '00000000000037', 'pass', '申請', '太郎', 'シンセイ', 'タロウ', '利用', '太郎', 'リヨウ', 'タロウ', 'ex@example.com', '25', '2030020', '東京都', '練馬区', '豊玉北1-10-1', '08012345678','08012345678', '003', '2023-10-03', '2023-11-03'),
('00000038', 'hogehoge', '00000000000038', 'pass', '申請', '太郎', 'シンセイ', 'タロウ', '利用', '太郎', 'リヨウ', 'タロウ', 'ex@example.com', '25', '2030020', '東京都', '練馬区', '豊玉北1-10-1', '08012345678','08012345678', '003', '2023-10-03', '2023-11-03'),
('00000039', 'hogehoge', '00000000000039', 'pass', '申請', '太郎', 'シンセイ', 'タロウ', '利用', '太郎', 'リヨウ', 'タロウ', 'ex@example.com', '25', '2030020', '東京都', '練馬区', '豊玉北1-10-1', '08012345678','08012345678', '003', '2023-10-03', '2023-11-03'),
('00000040', 'hogehoge', '00000000000040', 'pass', '申請', '太郎', 'シンセイ', 'タロウ', '利用', '太郎', 'リヨウ', 'タロウ', 'ex@example.com', '25', '2030020', '東京都', '練馬区', '豊玉北1-10-1', '08012345678','08012345678', '003', '2023-10-03', '2023-11-03'),
('00000041', 'hogehoge', '00000000000041', 'pass', '申請', '太郎', 'シンセイ', 'タロウ', '利用', '太郎', 'リヨウ', 'タロウ', 'ex@example.com', '25', '2030020', '東京都', '練馬区', '豊玉北1-10-1', '08012345678','08012345678', '003', '2023-10-03', '2023-11-03'),
('00000042', 'hogehoge', '00000000000042', 'pass', '申請', '太郎', 'シンセイ', 'タロウ', '利用', '太郎', 'リヨウ', 'タロウ', 'ex@example.com', '25', '2030020', '東京都', '練馬区', '豊玉北1-10-1', '08012345678','08012345678', '003', '2023-10-03', '2023-11-03'),
('00000043', 'hogehoge', '00000000000043', 'pass', '申請', '太郎', 'シンセイ', 'タロウ', '利用', '太郎', 'リヨウ', 'タロウ', 'ex@example.com', '25', '2030020', '東京都', '練馬区', '豊玉北1-10-1', '08012345678','08012345678', '003', '2023-10-03', '2023-11-03'),
('00000044', 'hogehoge', '00000000000044', 'pass', '申請', '太郎', 'シンセイ', 'タロウ', '利用', '太郎', 'リヨウ', 'タロウ', 'ex@example.com', '25', '2030020', '東京都', '練馬区', '豊玉北1-10-1', '08012345678','08012345678', '003', '2023-10-03', '2023-11-03'),
('00000045', 'hogehoge', '00000000000045', 'pass', '申請', '太郎', 'シンセイ', 'タロウ', '利用', '太郎', 'リヨウ', 'タロウ', 'ex@example.com', '25', '2030020', '東京都', '練馬区', '豊玉北1-10-1', '08012345678','08012345678', '003', '2023-10-03', '2023-11-03'),
('00000046', 'hogehoge', '00000000000046', 'pass', '申請', '太郎', 'シンセイ', 'タロウ', '利用', '太郎', 'リヨウ', 'タロウ', 'ex@example.com', '25', '2030020', '東京都', '練馬区', '豊玉北1-10-1', '08012345678','08012345678', '003', '2023-10-03', '2023-11-03'),
('00000047', 'hogehoge', '00000000000047', 'pass', '申請', '太郎', 'シンセイ', 'タロウ', '利用', '太郎', 'リヨウ', 'タロウ', 'ex@example.com', '25', '2030020', '東京都', '練馬区', '豊玉北1-10-1', '08012345678','08012345678', '003', '2023-10-03', '2023-11-03'),
('00000048', 'hogehoge', '00000000000048', 'pass', '申請', '太郎', 'シンセイ', 'タロウ', '利用', '太郎', 'リヨウ', 'タロウ', 'ex@example.com', '25', '2030020', '東京都', '練馬区', '豊玉北1-10-1', '08012345678','08012345678', '003', '2023-10-03', '2023-11-03'),
('00000049', 'hogehoge', '00000000000049', 'pass', '申請', '太郎', 'シンセイ', 'タロウ', '利用', '太郎', 'リヨウ', 'タロウ', 'ex@example.com', '25', '2030020', '東京都', '練馬区', '豊玉北1-10-1', '08012345678','08012345678', '003', '2023-10-03', '2023-11-03'),
('00000050', 'hogehoge', '00000000000050', 'pass', '申請', '太郎', 'シンセイ', 'タロウ', '利用', '太郎', 'リヨウ', 'タロウ', 'ex@example.com', '25', '2030020', '東京都', '練馬区', '豊玉北1-10-1', '08012345678','08012345678', '003', '2023-10-03', '2023-11-03'),
('00000051', 'hogehoge', '00000000000051', 'pass', '申請', '太郎', 'シンセイ', 'タロウ', '利用', '太郎', 'リヨウ', 'タロウ', 'ex@example.com', '25', '2030020', '東京都', '練馬区', '豊玉北1-10-1', '08012345678','08012345678', '003', '2023-10-03', '2023-11-03'),
('00000052', 'hogehoge', '00000000000052', 'pass', '申請', '太郎', 'シンセイ', 'タロウ', '利用', '太郎', 'リヨウ', 'タロウ', 'ex@example.com', '25', '2030020', '東京都', '練馬区', '豊玉北1-10-1', '08012345678','08012345678', '003', '2023-10-03', '2023-11-03'),
('00000053', 'hogehoge', '00000000000053', 'pass', '申請', '太郎', 'シンセイ', 'タロウ', '利用', '太郎', 'リヨウ', 'タロウ', 'ex@example.com', '25', '2030020', '東京都', '練馬区', '豊玉北1-10-1', '08012345678','08012345678', '003', '2023-10-03', '2023-11-03'),
('00000054', 'hogehoge', '00000000000054', 'pass', '申請', '太郎', 'シンセイ', 'タロウ', '利用', '太郎', 'リヨウ', 'タロウ', 'ex@example.com', '25', '2030020', '東京都', '練馬区', '豊玉北1-10-1', '08012345678','08012345678', '003', '2023-10-03', '2023-11-03'),
('00000055', 'hogehoge', '00000000000055', 'pass', '申請', '太郎', 'シンセイ', 'タロウ', '利用', '太郎', 'リヨウ', 'タロウ', 'ex@example.com', '25', '2030020', '東京都', '練馬区', '豊玉北1-10-1', '08012345678','08012345678', '003', '2023-10-03', '2023-11-03'),
('00000056', 'hogehoge', '00000000000056', 'pass', '申請', '太郎', 'シンセイ', 'タロウ', '利用', '太郎', 'リヨウ', 'タロウ', 'ex@example.com', '25', '2030020', '東京都', '練馬区', '豊玉北1-10-1', '08012345678','08012345678', '003', '2023-10-03', '2023-11-03'),
('00000057', 'hogehoge', '00000000000057', 'pass', '申請', '太郎', 'シンセイ', 'タロウ', '利用', '太郎', 'リヨウ', 'タロウ', 'ex@example.com', '25', '2030020', '東京都', '練馬区', '豊玉北1-10-1', '08012345678','08012345678', '003', '2023-10-03', '2023-11-03'),
('00000058', 'hogehoge', '00000000000058', 'pass', '申請', '太郎', 'シンセイ', 'タロウ', '利用', '太郎', 'リヨウ', 'タロウ', 'ex@example.com', '25', '2030020', '東京都', '練馬区', '豊玉北1-10-1', '08012345678','08012345678', '003', '2023-10-03', '2023-11-03'),
('00000059', 'hogehoge', '00000000000059', 'pass', '申請', '太郎', 'シンセイ', 'タロウ', '利用', '太郎', 'リヨウ', 'タロウ', 'ex@example.com', '25', '2030020', '東京都', '練馬区', '豊玉北1-10-1', '08012345678','08012345678', '003', '2023-10-03', '2023-11-03'),
('00000060', 'hogehoge', '00000000000060', 'pass', '申請', '太郎', 'シンセイ', 'タロウ', '利用', '太郎', 'リヨウ', 'タロウ', 'ex@example.com', '25', '2030020', '東京都', '練馬区', '豊玉北1-10-1', '08012345678','08012345678', '003', '2023-10-03', '2023-11-03'),
('00000061', 'hogehoge', '00000000000061', 'pass', '申請', '太郎', 'シンセイ', 'タロウ', '利用', '太郎', 'リヨウ', 'タロウ', 'ex@example.com', '25', '2030020', '東京都', '練馬区', '豊玉北1-10-1', '08012345678','08012345678', '003', '2023-10-03', '2023-11-03'),
('00000062', 'hogehoge', '00000000000062', 'pass', '申請', '太郎', 'シンセイ', 'タロウ', '利用', '太郎', 'リヨウ', 'タロウ', 'ex@example.com', '25', '2030020', '東京都', '練馬区', '豊玉北1-10-1', '08012345678','08012345678', '003', '2023-10-03', '2023-11-03'),
('00000063', 'hogehoge', '00000000000063', 'pass', '申請', '太郎', 'シンセイ', 'タロウ', '利用', '太郎', 'リヨウ', 'タロウ', 'ex@example.com', '25', '2030020', '東京都', '練馬区', '豊玉北1-10-1', '08012345678','08012345678', '003', '2023-10-03', '2023-11-03'),
('00000064', 'hogehoge', '00000000000064', 'pass', '申請', '太郎', 'シンセイ', 'タロウ', '利用', '太郎', 'リヨウ', 'タロウ', 'ex@example.com', '25', '2030020', '東京都', '練馬区', '豊玉北1-10-1', '08012345678','08012345678', '003', '2023-10-03', '2023-11-03'),
('00000065', 'hogehoge', '00000000000065', 'pass', '申請', '太郎', 'シンセイ', 'タロウ', '利用', '太郎', 'リヨウ', 'タロウ', 'ex@example.com', '25', '2030020', '東京都', '練馬区', '豊玉北1-10-1', '08012345678','08012345678', '003', '2023-10-03', '2023-11-03'),
('00000066', 'hogehoge', '00000000000066', 'pass', '申請', '太郎', 'シンセイ', 'タロウ', '利用', '太郎', 'リヨウ', 'タロウ', 'ex@example.com', '25', '2030020', '東京都', '練馬区', '豊玉北1-10-1', '08012345678','08012345678', '003', '2023-10-03', '2023-11-03'),
('00000067', 'hogehoge', '00000000000067', 'pass', '申請', '太郎', 'シンセイ', 'タロウ', '利用', '太郎', 'リヨウ', 'タロウ', 'ex@example.com', '25', '2030020', '東京都', '練馬区', '豊玉北1-10-1', '08012345678','08012345678', '003', '2023-10-03', '2023-11-03'),
('00000068', 'hogehoge', '00000000000068', 'pass', '申請', '太郎', 'シンセイ', 'タロウ', '利用', '太郎', 'リヨウ', 'タロウ', 'ex@example.com', '25', '2030020', '東京都', '練馬区', '豊玉北1-10-1', '08012345678','08012345678', '003', '2023-10-03', '2023-11-03'),
('00000069', 'hogehoge', '00000000000069', 'pass', '申請', '太郎', 'シンセイ', 'タロウ', '利用', '太郎', 'リヨウ', 'タロウ', 'ex@example.com', '25', '2030020', '東京都', '練馬区', '豊玉北1-10-1', '08012345678','08012345678', '003', '2023-10-03', '2023-11-03'),
('00000070', 'hogehoge', '00000000000070', 'pass', '申請', '太郎', 'シンセイ', 'タロウ', '利用', '太郎', 'リヨウ', 'タロウ', 'ex@example.com', '25', '2030020', '東京都', '練馬区', '豊玉北1-10-1', '08012345678','08012345678', '003', '2023-10-03', '2023-11-03'),
('00000071', 'hogehoge', '00000000000071', 'pass', '申請', '太郎', 'シンセイ', 'タロウ', '利用', '太郎', 'リヨウ', 'タロウ', 'ex@example.com', '25', '2030020', '東京都', '練馬区', '豊玉北1-10-1', '08012345678','08012345678', '003', '2023-10-03', '2023-11-03'),
('00000072', 'hogehoge', '00000000000072', 'pass', '申請', '太郎', 'シンセイ', 'タロウ', '利用', '太郎', 'リヨウ', 'タロウ', 'ex@example.com', '25', '2030020', '東京都', '練馬区', '豊玉北1-10-1', '08012345678','08012345678', '003', '2023-10-03', '2023-11-03'),
('00000073', 'hogehoge', '00000000000073', 'pass', '申請', '太郎', 'シンセイ', 'タロウ', '利用', '太郎', 'リヨウ', 'タロウ', 'ex@example.com', '25', '2030020', '東京都', '練馬区', '豊玉北1-10-1', '08012345678','08012345678', '003', '2023-10-03', '2023-11-03'),
('00000074', 'hogehoge', '00000000000074', 'pass', '申請', '太郎', 'シンセイ', 'タロウ', '利用', '太郎', 'リヨウ', 'タロウ', 'ex@example.com', '25', '2030020', '東京都', '練馬区', '豊玉北1-10-1', '08012345678','08012345678', '003', '2023-10-03', '2023-11-03'),
('00000075', 'hogehoge', '00000000000075', 'pass', '申請', '太郎', 'シンセイ', 'タロウ', '利用', '太郎', 'リヨウ', 'タロウ', 'ex@example.com', '25', '2030020', '東京都', '練馬区', '豊玉北1-10-1', '08012345678','08012345678', '003', '2023-10-03', '2023-11-03'),
('00000076', 'hogehoge', '00000000000076', 'pass', '申請', '太郎', 'シンセイ', 'タロウ', '利用', '太郎', 'リヨウ', 'タロウ', 'ex@example.com', '25', '2030020', '東京都', '練馬区', '豊玉北1-10-1', '08012345678','08012345678', '003', '2023-10-03', '2023-11-03'),
('00000077', 'hogehoge', '00000000000077', 'pass', '申請', '太郎', 'シンセイ', 'タロウ', '利用', '太郎', 'リヨウ', 'タロウ', 'ex@example.com', '25', '2030020', '東京都', '練馬区', '豊玉北1-10-1', '08012345678','08012345678', '003', '2023-10-03', '2023-11-03'),
('00000078', 'hogehoge', '00000000000078', 'pass', '申請', '太郎', 'シンセイ', 'タロウ', '利用', '太郎', 'リヨウ', 'タロウ', 'ex@example.com', '25', '2030020', '東京都', '練馬区', '豊玉北1-10-1', '08012345678','08012345678', '003', '2023-10-03', '2023-11-03'),
('00000079', 'hogehoge', '00000000000079', 'pass', '申請', '太郎', 'シンセイ', 'タロウ', '利用', '太郎', 'リヨウ', 'タロウ', 'ex@example.com', '25', '2030020', '東京都', '練馬区', '豊玉北1-10-1', '08012345678','08012345678', '003', '2023-10-03', '2023-11-03'),
('00000080', 'hogehoge', '00000000000080', 'pass', '申請', '太郎', 'シンセイ', 'タロウ', '利用', '太郎', 'リヨウ', 'タロウ', 'ex@example.com', '25', '2030020', '東京都', '練馬区', '豊玉北1-10-1', '08012345678','08012345678', '003', '2023-10-03', '2023-11-03'),
('00000081', 'hogehoge', '00000000000081', 'pass', '申請', '太郎', 'シンセイ', 'タロウ', '利用', '太郎', 'リヨウ', 'タロウ', 'ex@example.com', '25', '2030020', '東京都', '練馬区', '豊玉北1-10-1', '08012345678','08012345678', '003', '2023-10-03', '2023-11-03'),
('00000082', 'hogehoge', '00000000000082', 'pass', '申請', '太郎', 'シンセイ', 'タロウ', '利用', '太郎', 'リヨウ', 'タロウ', 'ex@example.com', '25', '2030020', '東京都', '練馬区', '豊玉北1-10-1', '08012345678','08012345678', '003', '2023-10-03', '2023-11-03'),
('00000083', 'hogehoge', '00000000000083', 'pass', '申請', '太郎', 'シンセイ', 'タロウ', '利用', '太郎', 'リヨウ', 'タロウ', 'ex@example.com', '25', '2030020', '東京都', '練馬区', '豊玉北1-10-1', '08012345678','08012345678', '003', '2023-10-03', '2023-11-03'),
('00000084', 'hogehoge', '00000000000084', 'pass', '申請', '太郎', 'シンセイ', 'タロウ', '利用', '太郎', 'リヨウ', 'タロウ', 'ex@example.com', '25', '2030020', '東京都', '練馬区', '豊玉北1-10-1', '08012345678','08012345678', '003', '2023-10-03', '2023-11-03'),
('00000085', 'hogehoge', '00000000000085', 'pass', '申請', '太郎', 'シンセイ', 'タロウ', '利用', '太郎', 'リヨウ', 'タロウ', 'ex@example.com', '25', '2030020', '東京都', '練馬区', '豊玉北1-10-1', '08012345678','08012345678', '003', '2023-10-03', '2023-11-03'),
('00000086', 'hogehoge', '00000000000086', 'pass', '申請', '太郎', 'シンセイ', 'タロウ', '利用', '太郎', 'リヨウ', 'タロウ', 'ex@example.com', '25', '2030020', '東京都', '練馬区', '豊玉北1-10-1', '08012345678','08012345678', '003', '2023-10-03', '2023-11-03'),
('00000087', 'hogehoge', '00000000000087', 'pass', '申請', '太郎', 'シンセイ', 'タロウ', '利用', '太郎', 'リヨウ', 'タロウ', 'ex@example.com', '25', '2030020', '東京都', '練馬区', '豊玉北1-10-1', '08012345678','08012345678', '003', '2023-10-03', '2023-11-03'),
('00000088', 'hogehoge', '00000000000088', 'pass', '申請', '太郎', 'シンセイ', 'タロウ', '利用', '太郎', 'リヨウ', 'タロウ', 'ex@example.com', '25', '2030020', '東京都', '練馬区', '豊玉北1-10-1', '08012345678','08012345678', '003', '2023-10-03', '2023-11-03'),
('00000089', 'hogehoge', '00000000000089', 'pass', '申請', '太郎', 'シンセイ', 'タロウ', '利用', '太郎', 'リヨウ', 'タロウ', 'ex@example.com', '25', '2030020', '東京都', '練馬区', '豊玉北1-10-1', '08012345678','08012345678', '003', '2023-10-03', '2023-11-03'),
('00000090', 'hogehoge', '00000000000090', 'pass', '申請', '太郎', 'シンセイ', 'タロウ', '利用', '太郎', 'リヨウ', 'タロウ', 'ex@example.com', '25', '2030020', '東京都', '練馬区', '豊玉北1-10-1', '08012345678','08012345678', '003', '2023-10-03', '2023-11-03'),
('00000091', 'hogehoge', '00000000000091', 'pass', '申請', '太郎', 'シンセイ', 'タロウ', '利用', '太郎', 'リヨウ', 'タロウ', 'ex@example.com', '25', '2030020', '東京都', '練馬区', '豊玉北1-10-1', '08012345678','08012345678', '003', '2023-10-03', '2023-11-03'),
('00000092', 'hogehoge', '00000000000092', 'pass', '申請', '太郎', 'シンセイ', 'タロウ', '利用', '太郎', 'リヨウ', 'タロウ', 'ex@example.com', '25', '2030020', '東京都', '練馬区', '豊玉北1-10-1', '08012345678','08012345678', '003', '2023-10-03', '2023-11-03'),
('00000093', 'hogehoge', '00000000000093', 'pass', '申請', '太郎', 'シンセイ', 'タロウ', '利用', '太郎', 'リヨウ', 'タロウ', 'ex@example.com', '25', '2030020', '東京都', '練馬区', '豊玉北1-10-1', '08012345678','08012345678', '003', '2023-10-03', '2023-11-03'),
('00000094', 'hogehoge', '00000000000094', 'pass', '申請', '太郎', 'シンセイ', 'タロウ', '利用', '太郎', 'リヨウ', 'タロウ', 'ex@example.com', '25', '2030020', '東京都', '練馬区', '豊玉北1-10-1', '08012345678','08012345678', '003', '2023-10-03', '2023-11-03'),
('00000095', 'hogehoge', '00000000000095', 'pass', '申請', '太郎', 'シンセイ', 'タロウ', '利用', '太郎', 'リヨウ', 'タロウ', 'ex@example.com', '25', '2030020', '東京都', '練馬区', '豊玉北1-10-1', '08012345678','08012345678', '003', '2023-10-03', '2023-11-03'),
('00000096', 'hogehoge', '00000000000096', 'pass', '申請', '太郎', 'シンセイ', 'タロウ', '利用', '太郎', 'リヨウ', 'タロウ', 'ex@example.com', '25', '2030020', '東京都', '練馬区', '豊玉北1-10-1', '08012345678','08012345678', '003', '2023-10-03', '2023-11-03'),
('00000097', 'hogehoge', '00000000000097', 'pass', '申請', '太郎', 'シンセイ', 'タロウ', '利用', '太郎', 'リヨウ', 'タロウ', 'ex@example.com', '25', '2030020', '東京都', '練馬区', '豊玉北1-10-1', '08012345678','08012345678', '003', '2023-10-03', '2023-11-03'),
('00000098', 'hogehoge', '00000000000098', 'pass', '申請', '太郎', 'シンセイ', 'タロウ', '利用', '太郎', 'リヨウ', 'タロウ', 'ex@example.com', '25', '2030020', '東京都', '練馬区', '豊玉北1-10-1', '08012345678','08012345678', '003', '2023-10-03', '2023-11-03'),
('00000099', 'hogehoge', '00000000000099', 'pass', '申請', '太郎', 'シンセイ', 'タロウ', '利用', '太郎', 'リヨウ', 'タロウ', 'ex@example.com', '25', '2030020', '東京都', '練馬区', '豊玉北1-10-1', '08012345678','08012345678', '003', '2023-10-03', '2023-11-03'),
('00000100', 'hogehoge', '00000000000100', 'pass', '申請', '太郎', 'シンセイ', 'タロウ', '利用', '太郎', 'リヨウ', 'タロウ', 'ex@example.com', '25', '2030020', '東京都', '練馬区', '豊玉北1-10-1', '08012345678','08012345678', '003', '2023-10-03', '2023-11-03');


-- 脱退者テーブル
INSERT INTO leavers (user_id, leaver_number, leaver_name_f, leaver_name_l, leaver_name_kana_f, leaver_name_kana_l, return_bank_id, return_branch_code, return_account_name, return_deposit_item, return_account_number, facility_id, floor_id, car_model_id, request_date)
VALUES
  ('00000001', '49372994', '脱退', '一郎', 'ダッタイ', 'イチロウ', '0001', '001', 'ダッタイ  イチロウ', '普通', '1234567', '005', '009', '001', '2023-07-26'),
  ('00000002', '87362848', '脱退', '二郎', 'ダッタイ', 'ジロウ', '0001', '001', 'ダッタイ  ジロウ', '普通', '9876543', '043', '031', '002', '2023-08-26');

-- 管理者ユーザーテーブル
INSERT INTO managers (manager_id, manager_pass, manager_name, regist_date)
VALUES
  ('admin', 'admin_password', 'Admin User', '2023-07-26');

-- エクスポート許可テーブル
INSERT INTO export_bln
VALUES(false);

-- 利用者支払方法テーブル
INSERT INTO payment_methods (user_id, payment_id, payment_type)
VALUES
('00000001', '0000000001', '003'),
('00000002', '0000000002', '003'),
('00000003', '0000000003', '003'),
('00000004', '0000000004', '003'),
('00000005', '0000000005', '003'),
('00000006', '0000000006', '003'),
('00000007', '0000000007', '003'),
('00000008', '0000000008', '003'),
('00000009', '0000000009', '003'),
('00000010', '0000000010', '003'),
('00000011', '0000000011', '003'),
('00000012', '0000000012', '003'),
('00000013', '0000000013', '003'),
('00000014', '0000000014', '003'),
('00000015', '0000000015', '003'),
('00000016', '0000000016', '003'),
('00000017', '0000000017', '003'),
('00000018', '0000000018', '003'),
('00000019', '0000000019', '003'),
('00000020', '0000000020', '003'),
('00000021', '0000000021', '003'),
('00000022', '0000000022', '003'),
('00000023', '0000000023', '003'),
('00000024', '0000000024', '003'),
('00000025', '0000000025', '003'),
('00000026', '0000000026', '003'),
('00000027', '0000000027', '003'),
('00000028', '0000000028', '003'),
('00000029', '0000000029', '003'),
('00000030', '0000000030', '003'),
('00000031', '0000000031', '003'),
('00000032', '0000000032', '003'),
('00000033', '0000000033', '003'),
('00000034', '0000000034', '003'),
('00000035', '0000000035', '003'),
('00000036', '0000000036', '003'),
('00000037', '0000000037', '003'),
('00000038', '0000000038', '003'),
('00000039', '0000000039', '003'),
('00000040', '0000000040', '003'),
('00000041', '0000000041', '003'),
('00000042', '0000000042', '003'),
('00000043', '0000000043', '003'),
('00000044', '0000000044', '003'),
('00000045', '0000000045', '003'),
('00000046', '0000000046', '003'),
('00000047', '0000000047', '003'),
('00000048', '0000000048', '003'),
('00000049', '0000000049', '003'),
('00000050', '0000000050', '003'),
('00000051', '0000000051', '003'),
('00000052', '0000000052', '003'),
('00000053', '0000000053', '003'),
('00000054', '0000000054', '003'),
('00000055', '0000000055', '003'),
('00000056', '0000000056', '003'),
('00000057', '0000000057', '003'),
('00000058', '0000000058', '003'),
('00000059', '0000000059', '003'),
('00000060', '0000000060', '003'),
('00000061', '0000000061', '003'),
('00000062', '0000000062', '003'),
('00000063', '0000000063', '003'),
('00000064', '0000000064', '003'),
('00000065', '0000000065', '003'),
('00000066', '0000000066', '003'),
('00000067', '0000000067', '003'),
('00000068', '0000000068', '003'),
('00000069', '0000000069', '003'),
('00000070', '0000000070', '003'),
('00000071', '0000000071', '003'),
('00000072', '0000000072', '003'),
('00000073', '0000000073', '003'),
('00000074', '0000000074', '003'),
('00000075', '0000000075', '003'),
('00000076', '0000000076', '003'),
('00000077', '0000000077', '003'),
('00000078', '0000000078', '003'),
('00000079', '0000000079', '003'),
('00000080', '0000000080', '003'),
('00000081', '0000000081', '003'),
('00000082', '0000000082', '003'),
('00000083', '0000000083', '003'),
('00000084', '0000000084', '003'),
('00000085', '0000000085', '003'),
('00000086', '0000000086', '003'),
('00000087', '0000000087', '003'),
('00000088', '0000000088', '003'),
('00000089', '0000000089', '003'),
('00000090', '0000000090', '003'),
('00000091', '0000000091', '003'),
('00000092', '0000000092', '003'),
('00000093', '0000000093', '003'),
('00000094', '0000000094', '003'),
('00000095', '0000000095', '003'),
('00000096', '0000000096', '003'),
('00000097', '0000000097', '003'),
('00000098', '0000000098', '003'),
('00000099', '0000000099', '003'),
('00000100', '0000000100', '003');

-- 口座振替収納機関番号
INSERT INTO uni_nums (payment_id, service_num)
values
('0000000001', '0000000001'),
('0000000002', '0000000002'),
('0000000003', '0000000003'),
('0000000004', '0000000004'),
('0000000005', '0000000005'),
('0000000006', '0000000006'),
('0000000007', '0000000007'),
('0000000008', '0000000008'),
('0000000009', '0000000009'),
('0000000010', '0000000010'),
('0000000011', '0000000011'),
('0000000012', '0000000012'),
('0000000013', '0000000013'),
('0000000014', '0000000014'),
('0000000015', '0000000015'),
('0000000016', '0000000016'),
('0000000017', '0000000017'),
('0000000018', '0000000018'),
('0000000019', '0000000019'),
('0000000020', '0000000020'),
('0000000021', '0000000021'),
('0000000022', '0000000022'),
('0000000023', '0000000023'),
('0000000024', '0000000024'),
('0000000025', '0000000025'),
('0000000026', '0000000026'),
('0000000027', '0000000027'),
('0000000028', '0000000028'),
('0000000029', '0000000029'),
('0000000030', '0000000030'),
('0000000031', '0000000031'),
('0000000032', '0000000032'),
('0000000033', '0000000033'),
('0000000034', '0000000034'),
('0000000035', '0000000035'),
('0000000036', '0000000036'),
('0000000037', '0000000037'),
('0000000038', '0000000038'),
('0000000039', '0000000039'),
('0000000040', '0000000040'),
('0000000041', '0000000041'),
('0000000042', '0000000042'),
('0000000043', '0000000043'),
('0000000044', '0000000044'),
('0000000045', '0000000045'),
('0000000046', '0000000046'),
('0000000047', '0000000047'),
('0000000048', '0000000048'),
('0000000049', '0000000049'),
('0000000050', '0000000050'),
('0000000051', '0000000051'),
('0000000052', '0000000052'),
('0000000053', '0000000053'),
('0000000054', '0000000054'),
('0000000055', '0000000055'),
('0000000056', '0000000056'),
('0000000057', '0000000057'),
('0000000058', '0000000058'),
('0000000059', '0000000059'),
('0000000060', '0000000060'),
('0000000061', '0000000061'),
('0000000062', '0000000062'),
('0000000063', '0000000063'),
('0000000064', '0000000064'),
('0000000065', '0000000065'),
('0000000066', '0000000066'),
('0000000067', '0000000067'),
('0000000068', '0000000068'),
('0000000069', '0000000069'),
('0000000070', '0000000070'),
('0000000071', '0000000071'),
('0000000072', '0000000072'),
('0000000073', '0000000073'),
('0000000074', '0000000074'),
('0000000075', '0000000075'),
('0000000076', '0000000076'),
('0000000077', '0000000077'),
('0000000078', '0000000078'),
('0000000079', '0000000079'),
('0000000080', '0000000080'),
('0000000081', '0000000081'),
('0000000082', '0000000082'),
('0000000083', '0000000083'),
('0000000084', '0000000084'),
('0000000085', '0000000085'),
('0000000086', '0000000086'),
('0000000087', '0000000087'),
('0000000088', '0000000088'),
('0000000089', '0000000089'),
('0000000090', '0000000090'),
('0000000091', '0000000091'),
('0000000092', '0000000092'),
('0000000093', '0000000093'),
('0000000094', '0000000094'),
('0000000095', '0000000095'),
('0000000096', '0000000096'),
('0000000097', '0000000097'),
('0000000098', '0000000098'),
('0000000099', '0000000099'),
('0000000100', '0000000100');

-- 口座情報テーブル
INSERT INTO payment_banks (payment_id, bank_id, branch_code, account_name, deposit_item, account_number)
VALUES
('0000000001', '0001', '001', 'SUZUKI ICHIRO', '普通', '12345678'),
('0000000002', '0001', '001', 'SUZUKI ICHIRO', '普通', '12345678'),
('0000000003', '0001', '001', 'SUZUKI ICHIRO', '普通', '12345678'),
('0000000004', '0001', '001', 'SUZUKI ICHIRO', '普通', '12345678'),
('0000000005', '0001', '001', 'SUZUKI ICHIRO', '普通', '12345678'),
('0000000006', '0001', '001', 'SUZUKI ICHIRO', '普通', '12345678'),
('0000000007', '0001', '001', 'SUZUKI ICHIRO', '普通', '12345678'),
('0000000008', '0001', '001', 'SUZUKI ICHIRO', '普通', '12345678'),
('0000000009', '0001', '001', 'SUZUKI ICHIRO', '普通', '12345678'),
('0000000010', '0001', '001', 'SUZUKI ICHIRO', '普通', '12345678'),
('0000000011', '0001', '001', 'SUZUKI ICHIRO', '普通', '12345678'),
('0000000012', '0001', '001', 'SUZUKI ICHIRO', '普通', '12345678'),
('0000000013', '0001', '001', 'SUZUKI ICHIRO', '普通', '12345678'),
('0000000014', '0001', '001', 'SUZUKI ICHIRO', '普通', '12345678'),
('0000000015', '0001', '001', 'SUZUKI ICHIRO', '普通', '12345678'),
('0000000016', '0001', '001', 'SUZUKI ICHIRO', '普通', '12345678'),
('0000000017', '0001', '001', 'SUZUKI ICHIRO', '普通', '12345678'),
('0000000018', '0001', '001', 'SUZUKI ICHIRO', '普通', '12345678'),
('0000000019', '0001', '001', 'SUZUKI ICHIRO', '普通', '12345678'),
('0000000020', '0001', '001', 'SUZUKI ICHIRO', '普通', '12345678'),
('0000000021', '0001', '001', 'SUZUKI ICHIRO', '普通', '12345678'),
('0000000022', '0001', '001', 'SUZUKI ICHIRO', '普通', '12345678'),
('0000000023', '0001', '001', 'SUZUKI ICHIRO', '普通', '12345678'),
('0000000024', '0001', '001', 'SUZUKI ICHIRO', '普通', '12345678'),
('0000000025', '0001', '001', 'SUZUKI ICHIRO', '普通', '12345678'),
('0000000026', '0001', '001', 'SUZUKI ICHIRO', '普通', '12345678'),
('0000000027', '0001', '001', 'SUZUKI ICHIRO', '普通', '12345678'),
('0000000028', '0001', '001', 'SUZUKI ICHIRO', '普通', '12345678'),
('0000000029', '0001', '001', 'SUZUKI ICHIRO', '普通', '12345678'),
('0000000030', '0001', '001', 'SUZUKI ICHIRO', '普通', '12345678'),
('0000000031', '0001', '001', 'SUZUKI ICHIRO', '普通', '12345678'),
('0000000032', '0001', '001', 'SUZUKI ICHIRO', '普通', '12345678'),
('0000000033', '0001', '001', 'SUZUKI ICHIRO', '普通', '12345678'),
('0000000034', '0001', '001', 'SUZUKI ICHIRO', '普通', '12345678'),
('0000000035', '0001', '001', 'SUZUKI ICHIRO', '普通', '12345678'),
('0000000036', '0001', '001', 'SUZUKI ICHIRO', '普通', '12345678'),
('0000000037', '0001', '001', 'SUZUKI ICHIRO', '普通', '12345678'),
('0000000038', '0001', '001', 'SUZUKI ICHIRO', '普通', '12345678'),
('0000000039', '0001', '001', 'SUZUKI ICHIRO', '普通', '12345678'),
('0000000040', '0001', '001', 'SUZUKI ICHIRO', '普通', '12345678'),
('0000000041', '0001', '001', 'SUZUKI ICHIRO', '普通', '12345678'),
('0000000042', '0001', '001', 'SUZUKI ICHIRO', '普通', '12345678'),
('0000000043', '0001', '001', 'SUZUKI ICHIRO', '普通', '12345678'),
('0000000044', '0001', '001', 'SUZUKI ICHIRO', '普通', '12345678'),
('0000000045', '0001', '001', 'SUZUKI ICHIRO', '普通', '12345678'),
('0000000046', '0001', '001', 'SUZUKI ICHIRO', '普通', '12345678'),
('0000000047', '0001', '001', 'SUZUKI ICHIRO', '普通', '12345678'),
('0000000048', '0001', '001', 'SUZUKI ICHIRO', '普通', '12345678'),
('0000000049', '0001', '001', 'SUZUKI ICHIRO', '普通', '12345678'),
('0000000050', '0001', '001', 'SUZUKI ICHIRO', '普通', '12345678'),
('0000000051', '0001', '001', 'SUZUKI ICHIRO', '普通', '12345678'),
('0000000052', '0001', '001', 'SUZUKI ICHIRO', '普通', '12345678'),
('0000000053', '0001', '001', 'SUZUKI ICHIRO', '普通', '12345678'),
('0000000054', '0001', '001', 'SUZUKI ICHIRO', '普通', '12345678'),
('0000000055', '0001', '001', 'SUZUKI ICHIRO', '普通', '12345678'),
('0000000056', '0001', '001', 'SUZUKI ICHIRO', '普通', '12345678'),
('0000000057', '0001', '001', 'SUZUKI ICHIRO', '普通', '12345678'),
('0000000058', '0001', '001', 'SUZUKI ICHIRO', '普通', '12345678'),
('0000000059', '0001', '001', 'SUZUKI ICHIRO', '普通', '12345678'),
('0000000060', '0001', '001', 'SUZUKI ICHIRO', '普通', '12345678'),
('0000000061', '0001', '001', 'SUZUKI ICHIRO', '普通', '12345678'),
('0000000062', '0001', '001', 'SUZUKI ICHIRO', '普通', '12345678'),
('0000000063', '0001', '001', 'SUZUKI ICHIRO', '普通', '12345678'),
('0000000064', '0001', '001', 'SUZUKI ICHIRO', '普通', '12345678'),
('0000000065', '0001', '001', 'SUZUKI ICHIRO', '普通', '12345678'),
('0000000066', '0001', '001', 'SUZUKI ICHIRO', '普通', '12345678'),
('0000000067', '0001', '001', 'SUZUKI ICHIRO', '普通', '12345678'),
('0000000068', '0001', '001', 'SUZUKI ICHIRO', '普通', '12345678'),
('0000000069', '0001', '001', 'SUZUKI ICHIRO', '普通', '12345678'),
('0000000070', '0001', '001', 'SUZUKI ICHIRO', '普通', '12345678'),
('0000000071', '0001', '001', 'SUZUKI ICHIRO', '普通', '12345678'),
('0000000072', '0001', '001', 'SUZUKI ICHIRO', '普通', '12345678'),
('0000000073', '0001', '001', 'SUZUKI ICHIRO', '普通', '12345678'),
('0000000074', '0001', '001', 'SUZUKI ICHIRO', '普通', '12345678'),
('0000000075', '0001', '001', 'SUZUKI ICHIRO', '普通', '12345678'),
('0000000076', '0001', '001', 'SUZUKI ICHIRO', '普通', '12345678'),
('0000000077', '0001', '001', 'SUZUKI ICHIRO', '普通', '12345678'),
('0000000078', '0001', '001', 'SUZUKI ICHIRO', '普通', '12345678'),
('0000000079', '0001', '001', 'SUZUKI ICHIRO', '普通', '12345678'),
('0000000080', '0001', '001', 'SUZUKI ICHIRO', '普通', '12345678'),
('0000000081', '0001', '001', 'SUZUKI ICHIRO', '普通', '12345678'),
('0000000082', '0001', '001', 'SUZUKI ICHIRO', '普通', '12345678'),
('0000000083', '0001', '001', 'SUZUKI ICHIRO', '普通', '12345678'),
('0000000084', '0001', '001', 'SUZUKI ICHIRO', '普通', '12345678'),
('0000000085', '0001', '001', 'SUZUKI ICHIRO', '普通', '12345678'),
('0000000086', '0001', '001', 'SUZUKI ICHIRO', '普通', '12345678'),
('0000000087', '0001', '001', 'SUZUKI ICHIRO', '普通', '12345678'),
('0000000088', '0001', '001', 'SUZUKI ICHIRO', '普通', '12345678'),
('0000000089', '0001', '001', 'SUZUKI ICHIRO', '普通', '12345678'),
('0000000090', '0001', '001', 'SUZUKI ICHIRO', '普通', '12345678'),
('0000000091', '0001', '001', 'SUZUKI ICHIRO', '普通', '12345678'),
('0000000092', '0001', '001', 'SUZUKI ICHIRO', '普通', '12345678'),
('0000000093', '0001', '001', 'SUZUKI ICHIRO', '普通', '12345678'),
('0000000094', '0001', '001', 'SUZUKI ICHIRO', '普通', '12345678'),
('0000000095', '0001', '001', 'SUZUKI ICHIRO', '普通', '12345678'),
('0000000096', '0001', '001', 'SUZUKI ICHIRO', '普通', '12345678'),
('0000000097', '0001', '001', 'SUZUKI ICHIRO', '普通', '12345678'),
('0000000098', '0001', '001', 'SUZUKI ICHIRO', '普通', '12345678'),
('0000000099', '0001', '001', 'SUZUKI ICHIRO', '普通', '12345678'),
('0000000100', '0001', '001', 'SUZUKI ICHIRO', '普通', '12345678');

-- コンビニ情報テーブル
INSERT INTO payment_conveniences (payment_id, convenience_flg)
VALUES
  ('0000000002', 'N');

-- クレジット情報テーブル
INSERT INTO payment_credits (payment_id, cradit_number, credit_result, process_id, process_pass)
VALUES
  ('0000000003', '2468-1357-8024-6813', 'Declined', '', '');

-- 学生情報テーブル
INSERT INTO students (user_id, school_name, grade, term)
VALUES
  ('00000001', 'ABC University', '3', '6'),
  ('00000003', 'XYZ College', '1', '6');

-- 学生証情報テーブル
INSERT INTO student_cards (user_id, student_card_f, student_card_b, student_card_check)
VALUES
  ('00000001', 'student_card_f_001.jpg', 'student_card_b_001.jpg', true),
  ('00000003', 'student_card_f_003.jpg', 'student_card_b_003.jpg', true);

-- 利用者情報変更テーブル
INSERT INTO change_requests 
VALUES ('00000001', '00000001', 'password123', '鈴木', '一郎', 'スズキ', 'イチロウ', 'suzuki@example.com', '14', '1234567', '東京都1-1-1', 'hoge町', 'fuga-101', '01-1111-1111', '080-1111-1111', '001', '001', '0000000001', '001', '3', 'Y', '', '', '', '', '', '', '', '', '', 'Test学校', '3', '3', '', '2023/11/30'),
       ('00000002', '00000002', 'password456', '鈴木', '二郎', 'スズキ', 'ジロウ',   'suzuki@example.com', '14', '1234567', '東京都1-1-1', 'hoge町', 'fuga-101', '02-2222-2222', '080-2222-2222', '001', '001', '0000000003', '002', '6', '', '2468-1357-8024-6813', 'Declined', 'aaaaa', 'aaaaa', '', '', '', '', '', 'Test学校', '3', '3', '2023/11/30', '2023/11/30'),
       ('00000003', '00000003', 'password789', '鈴木', '三郎', 'スズキ', 'サブロウ', 'suzuki@example.com', '14', '1234567', '東京都1-1-1', 'hoge町', 'fuga-101', '03-3333-3333', '080-3333-3333', '001', '001', '0000000004', '002', '3', '', '', '', '', '', '0001', '001', '12345678', 'SUZUKI ICHIRO', '普通', 'Test学校', '3', '3', '', '2023/11/30');

-- 利用者情報変更_前回情報テーブル
INSERT INTO change_requests_previous
VALUES ('00000001', '00000001', 'password123', '鈴木', '一郎', 'スズキ', 'イチロウ', 'suzuki@example.com', '14', '1234567', '東京都1-1-1', 'hoge町', 'fuga-101', '01-1111-1111', '080-1111-1111', '001', '001', '0000000001', '001', '3', 'Y', '', '', '', '', '', '', '', '', '', 'Test学校', '3', '3', '', '2023/11/30'),
       ('00000002', '00000002', 'password456', '鈴木', '二郎', 'スズキ', 'ジロウ',   'suzuki@example.com', '14', '1234567', '東京都1-1-1', 'hoge町', 'fuga-101', '02-2222-2222', '080-2222-2222', '001', '001', '0000000003', '002', '6', '', '2468-1357-8024-6813', 'Declined', 'aaaaa', 'aaaaa', '', '', '', '', '', 'Test学校', '3', '3', '2023/11/30', '2023/11/30'),
       ('00000003', '00000003', 'password789', '鈴木', '三郎', 'スズキ', 'サブロウ', 'suzuki@example.com', '14', '1234567', '東京都1-1-1', 'hoge町', 'fuga-101', '03-3333-3333', '080-3333-3333', '001', '001', '0000000004', '002', '3', '', '', '', '', '', '0001', '001', '12345678', 'SUZUKI ICHIRO', '普通', 'Test学校', '3', '3', '', '2023/11/30');

-- 利用サイクルマスタ
INSERT INTO m_cycles
VALUES (3),(6);

-- 利用者支払料金テーブル
INSERT INTO user_payments (user_id, use_cycle, car_model_id, user_category_id, floor_id, facility_id)
VALUES
  ('00000001', 3, '001', '1', '003', '004'),
  ('00000002', 3, '002', '2', '028', '014'),
  ('00000003', 6, '003', '1', '018', '047');

-- 利用サイクルマスタ
INSERT INTO m_prices
VALUES 
  ('001','0',3,false,'3000'),
  ('001','0',3,true, '2900'),
  ('001','0',6,false,'5700'),
  ('001','0',6,true, '5500'),
  ('001','1',3,false,'2500'),
  ('001','1',3,true, '2300'),
  ('001','1',6,false,'4700'),
  ('001','1',6,true, '4200');
